Time (sec),Electrode (uV)
0.0,2.7677317572069935
0.001,1.100118809289754
0.002,2.406419577482511
0.003,2.834970979002715
0.004,1.7385320362046002
0.005,-2.2979531882081217
0.006,-1.3149678448147348
0.007,-1.7827435504245979
0.008,1.5355745174169637
0.009000000000000001,-2.4267801122512638
0.01,3.439581997650165
0.011,-3.319364151662912
0.012,-1.3192023218083697
0.013000000000000001,-4.420649288269391
0.014,1.7045997000499418
0.015,2.1268619835047007
0.016,5.025327195633485
0.017,0.9222296295020292
0.018000000000000002,1.5798651900087548
0.019,-1.372273000039888
0.02,-5.104140552945397
0.021,1.786919974963293
0.022,5.853233288725763
0.023,1.652702583013531
0.024,-4.360157322507558
0.025,-3.2228114406254518
0.026000000000000002,4.582714230328501
0.027,-2.4653229065283773
0.028,0.5698063832299108
0.029,-0.685929658086124
0.03,5.382134171927851
0.031,-0.8132520838641129
0.032,0.723724639428173
0.033,2.0202712258396427
0.034,1.4256552539073934
0.035,1.061512575012171
0.036000000000000004,4.556019065523075
0.037,1.8731021557128946
0.038,-5.323737438925058
0.039,-1.0163596926676057
0.04,-1.957668658694026
0.041,-0.4600658002514021
0.042,1.8618189289195477
0.043000000000000003,0.8713584770917855
0.044,0.4941467189315784
0.045,1.3642363848954897
0.046,-4.134867460421637
0.047,-2.199088612784359
0.048,-4.44774398682017
0.049,2.4795569221064566
0.05,-0.2569807033700512
0.051000000000000004,3.0623925127654377
0.052000000000000005,1.6420025717818572
0.053,-2.9326770490538325
0.054,0.17115715117668368
0.055,-3.4013797318118604
0.056,-1.9970984309153503
0.057,-0.41827253401106534
0.058,-2.5834322475603146
0.059000000000000004,1.7228813761334723
0.06,-0.7383748672952806
0.061,-0.6318118172366916
0.062,-0.18801689650913495
0.063,-0.3476659651212616
0.064,1.3055326462397279
0.065,-2.234724523155962
0.066,-0.588049129621058
0.067,1.0994084671464117
0.068,1.7008856406301611
0.069,-8.453051692310753
0.07,2.2754280012374233
0.07100000000000001,-0.7987337729373868
0.07200000000000001,-1.5428760191584583
0.073,-0.9766844088509091
0.074,-0.48808856454971933
0.075,-2.0694319734828266
0.076,1.1800767426737917
0.077,4.784818277948088
0.078,-0.8236768164220687
0.079,-2.2267498956483553
0.08,-1.508849724411614
0.081,-0.47040418747017276
0.082,-1.8940873808433385
0.083,-0.4127322410145599
0.084,0.7806257063676669
0.085,-0.9960052682002135
0.08600000000000001,-0.6136981494801733
0.08700000000000001,-0.30195484278445767
0.088,0.243785090013913
0.089,-0.6853742589141562
0.09,-4.768406296154044
0.091,-3.9309552360553397
0.092,1.3475719043601175
0.093,1.8999918758374557
0.094,0.19304269099127186
0.095,-1.9079512026515604
0.096,2.834146488393035
0.097,-2.0048268253917207
0.098,-0.01841987117357274
0.099,1.7300319754052151
0.1,-0.7724035913439193
0.101,-0.5436631965340566
0.10200000000000001,1.7769301773042676
0.10300000000000001,1.2077032005905135
0.10400000000000001,0.2977062987168745
0.105,-0.19891309877450958
0.106,-3.1334008503488326
0.107,-1.3254892341057634
0.108,1.8571599533517353
0.109,0.929692059071166
0.11,1.1875647174039656
0.111,-0.30751002883181716
0.112,3.6390685957602793
0.113,0.26124228878935596
0.114,-0.7422702237925234
0.115,2.1269520241436743
0.116,0.03516520309475757
0.117,-0.8717251071297539
0.11800000000000001,-3.4834424116225278
0.11900000000000001,2.3097443903066206
0.12,-1.4716016468971878
0.121,-2.3733577407131494
0.122,0.22214200936058368
0.123,1.5926974375608594
0.124,1.7677615658843098
0.125,0.7476804041272868
0.126,-0.04871878600961666
0.127,0.6110860650203921
0.128,6.357613489293191
0.129,3.506961149486968
0.13,2.0650294860985
0.131,2.1509226167726063
0.132,1.0331214661367178
0.133,1.5119297052165783
0.134,5.602355431976094
0.135,0.0707171032992384
0.136,3.6692428468797136
0.137,-0.4195055045171578
0.138,-0.3541011169146955
0.139,-1.3202246015234025
0.14,-0.07217271796972898
0.14100000000000001,-1.9222146322359241
0.14200000000000002,-2.5080101084219346
0.14300000000000002,-4.762684618183602
0.14400000000000002,1.7271411614474457
0.145,-0.6408758179161356
0.146,4.787251792389938
0.147,-0.9247816108556188
0.148,2.582494521251311
0.149,0.38684153206883687
0.15,-6.676217181836955
0.151,1.8649763941191468
0.152,-3.8255239690494123
0.153,1.1141951987609688
0.154,-4.636522731111487
0.155,0.04407351108329318
0.156,-2.1476363841468262
0.157,-0.8098576458330438
0.158,-1.4068004725582473
0.159,-4.021051298989853
0.16,1.065118258502829
0.161,2.371072692648793
0.162,-2.2650915617042937
0.163,-0.8819101851312329
0.164,-5.417533816513333
0.165,2.7924982867324295
0.166,-0.11810018889863373
0.167,-3.8180010611122004
0.168,-0.6835238581574637
0.169,3.2376283923290443
0.17,-2.675726691583953
0.171,1.5067825148762986
0.17200000000000001,-0.9624331597327148
0.17300000000000001,-2.2557204716501396
0.17400000000000002,4.802821514292759
0.17500000000000002,1.154237606198441
0.176,-1.7747317654137602
0.177,-4.600332297752081
0.178,-0.21581202189973384
0.179,-0.6330901404893375
0.18,1.6642914190378124
0.181,-2.7531407019632512
0.182,4.33779721233273
0.183,-0.8023501348381737
0.184,5.574011415540211
0.185,-1.7963095789861452
0.186,0.6743986850145054
0.187,-2.6896776051547824
0.188,-1.5821090719062576
0.189,-0.5092968041668005
0.19,-0.811595861632445
0.191,2.0382015374863967
0.192,2.1753331303173256
0.193,-2.8637916635610914
0.194,4.240865762379271
0.195,2.518617335931619
0.196,3.5639806061634647
0.197,4.726798942508944
0.198,3.5515638576337842
0.199,-1.218320679946386
0.2,-1.7340338990920432
0.201,-2.412641132637528
0.202,4.744631538835133
0.203,-0.6832604225000081
0.20400000000000001,-2.3905757782090733
0.20500000000000002,-4.813182639667974
0.20600000000000002,0.09974912340272771
0.20700000000000002,1.7078779589428483
0.20800000000000002,-1.64217373790451
0.209,0.8879638114862378
0.21,-4.661873422148234
0.211,-0.7447906019594545
0.212,-4.941900514010384
0.213,-0.014038413455267115
0.214,-1.036277449868304
0.215,-1.8505632787819573
0.216,-0.578792296666153
0.217,-0.23341100902571366
0.218,6.402946497974776
0.219,-1.0928801288739178
0.22,-5.998915163108787
0.221,0.08445969466292806
0.222,2.6591656713818472
0.223,0.06651333787783609
0.224,4.3091455163571935
0.225,-2.5694838618998546
0.226,7.5045685036987315
0.227,2.4174008308492754
0.228,-2.5876618267929365
0.229,4.770184659080229
0.23,-1.6927306084975178
0.231,-0.9764619729402038
0.232,-0.38871075387846227
0.233,0.40432927034827165
0.234,0.2698380245499672
0.23500000000000001,3.074215032846114
0.23600000000000002,-2.2923872634060922
0.23700000000000002,4.304265626201095
0.23800000000000002,-2.2557871605623996
0.23900000000000002,-2.604529463453751
0.24,1.7391260587901716
0.241,-1.6326926989593862
0.242,0.7211814906456266
0.243,0.3065192159575534
0.244,-1.1646867266579453
0.245,-0.5630548267111519
0.246,-1.9772227114765775
0.247,-2.5219111512655994
0.248,1.5174056177032191
0.249,-3.8108978545152694
0.25,-0.2947718436068899
0.251,3.145755046643352
0.252,0.4248408173669094
0.253,-7.347827207765993
0.254,-1.6338557356506445
0.255,3.0855757477444485
0.256,-0.897552387239636
0.257,-1.5741962665478144
0.258,-1.7171246623873697
0.259,4.326254380214434
0.26,2.7282001004446115
0.261,1.6067366603739426
0.262,-0.2173669047262876
0.263,3.7638271470472247
0.264,3.219388188325435
0.265,-4.034530499122809
0.266,3.3220156153911473
0.267,4.2698427563982575
0.268,-2.8891627664396444
0.269,0.5284937649376392
0.27,-0.21251818388822896
0.271,-1.1862481466477937
0.272,-0.39731494456999383
0.273,-4.097093248749445
0.274,-1.1939992041948253
0.275,-3.382439717344202
0.276,-0.8870536101159177
0.277,1.0856292437873034
0.278,2.842975260563066
0.279,-1.8225588968330915
0.28,0.5736054956578617
0.281,-4.190244059035675
0.28200000000000003,0.47726992234169946
0.28300000000000003,-0.3600268207208459
0.28400000000000003,1.9640965600176292
0.28500000000000003,3.1347824157613036
0.28600000000000003,-4.534564274148056
0.28700000000000003,0.6865730867423931
0.28800000000000003,4.016256747316814
0.289,-3.6369501330367764
0.29,0.4863173325831478
0.291,1.0865965611944164
0.292,1.3318902192991546
0.293,0.7130229240532416
0.294,-7.290397664690697
0.295,0.07345335235500329
0.296,0.4235462076375183
0.297,-3.4689888378428075
0.298,2.058617999188294
0.299,0.995063985560564
0.3,4.521252159157867
0.301,0.4088356613719612
0.302,-3.8082253361396914
0.303,5.551451528915007
0.304,0.01776179057876001
0.305,2.9084741091927206
0.306,-4.045872270568422
0.307,-4.833685260159066
0.308,-2.4536479999779925
0.309,-3.138354023268043
0.31,1.2406054924981829
0.311,3.9118563392766115
0.312,3.7838429294375717
0.313,3.774177382607327
0.314,-3.238267324310286
0.315,4.975813062372908
0.316,-0.8363315288002742
0.317,-0.6329405968183941
0.318,0.5436135839159117
0.319,2.794080052630156
0.32,1.0043693344389135
0.321,1.4006842934859034
0.322,-2.430120083325621
0.323,0.8183872670987691
0.324,-1.960769803738654
0.325,-2.264572566946503
0.326,-0.27922049135605137
0.327,2.157051089765154
0.328,5.562962384772597
0.329,3.9969420073630344
0.33,-0.05490956933441228
0.331,-0.8678955918873638
0.332,-2.19445201208354
0.333,0.4217505306487712
0.334,-4.1049223662635725
0.335,1.3665635493520722
0.336,-1.7408240497219503
0.337,-3.2078143550596407
0.338,2.8007814438516077
0.339,-2.9967696744032994
0.34,-1.086092334341164
0.341,-0.4241996346577321
0.342,-2.045397689211266
0.343,4.7922130852704585
0.34400000000000003,-4.388803968183067
0.34500000000000003,4.823744202179787
0.34600000000000003,-0.544564328996112
0.34700000000000003,1.4230663949748825
0.34800000000000003,-2.1048476181554894
0.34900000000000003,-6.691737356592726
0.35000000000000003,2.148274255282467
0.35100000000000003,1.095849314645593
0.352,-0.29119644314323656
0.353,5.044796483504171
0.354,-1.0830856336559767
0.355,1.026964908486743
0.356,-3.8389026823058208
0.357,-0.11946710692658176
0.358,-3.0247794326977555
0.359,-0.8327541275932046
0.36,0.23968257703432852
0.361,3.673864433584882
0.362,3.4150203281570963
0.363,1.720032195896268
0.364,-1.6676875900764325
0.365,1.5434029513357803
0.366,0.7202285018642998
0.367,5.328250060551663
0.368,-1.2327696489999
0.369,-0.8196684915155255
0.37,0.3177922379315639
0.371,-2.610972413018136
0.372,0.4478128480082317
0.373,0.29204010493416155
0.374,5.28873577400873
0.375,2.022133542780594
0.376,2.942941037097549
0.377,2.8153065519446763
0.378,2.477760336117714
0.379,-1.3313155028990504
0.38,2.9236588451634433
0.381,1.152031285464795
0.382,-2.97273795229132
0.383,-4.958121868443917
0.384,3.880028112415867
0.385,-2.0989097325347554
0.386,-2.5846808923298763
0.387,-3.3195850427323896
0.388,-1.40448551789747
0.389,0.17708047298736726
0.39,-2.2955160742814864
0.391,4.053707411720791
0.392,-1.9864937561538718
0.393,3.3695672621495807
0.394,1.1456474152459963
0.395,-3.7330996281661273
0.396,-0.4729609522645527
0.397,1.3499901581351808
0.398,-0.5035344990681745
0.399,0.47089079412614054
0.4,0.1730940144927643
0.401,-1.4496327441341208
0.402,0.7010277624651011
0.403,-1.4140009792480046
0.404,-2.8001725077068116
0.405,0.8302729457012534
0.406,-2.8585063067103675
0.40700000000000003,1.0215734536031387
0.40800000000000003,-0.7079510347547154
0.40900000000000003,-0.2391180169413074
0.41000000000000003,-3.9713208025790014
0.41100000000000003,-1.2840632740779054
0.41200000000000003,2.228949131138795
0.41300000000000003,-6.025340933125573
0.41400000000000003,1.8706604149739574
0.41500000000000004,-0.684473982256483
0.41600000000000004,1.2688695867717077
0.417,-3.753078906271861
0.418,-0.2511463667678248
0.419,-2.3885539859474116
0.42,-1.6560954112509692
0.421,2.151716943329297
0.422,4.342069354449752
0.423,0.10617114165716367
0.424,-0.8503450650473996
0.425,3.2692432631831596
0.426,2.816777949956765
0.427,-1.6782615986698015
0.428,-0.47161159202980774
0.429,0.1306268468278115
0.43,4.581213337121845
0.431,1.7376082202590446
0.432,-0.3216023419337306
0.433,2.479098101396201
0.434,0.42478652322168253
0.435,1.6111596901758665
0.436,1.854471365169782
0.437,3.007494290449754
0.438,0.6423869338628037
0.439,3.6596549952951403
0.44,-2.3389467688426784
0.441,-2.517098665333538
0.442,6.201788256843982
0.443,0.07637197990086508
0.444,1.5299469474932823
0.445,0.6202082489923748
0.446,-1.5813557580322573
0.447,3.480424169612742
0.448,-0.044438628857871976
0.449,-0.707169363470684
0.45,1.4515346050983309
0.451,1.6175181534325023
0.452,3.3720231475325897
0.453,0.5120093579825873
0.454,-1.3043577116591676
0.455,1.6279844898204334
0.456,-4.472979622998285
0.457,1.7688247781149748
0.458,-4.13072971482756
0.459,-4.021589443738867
0.46,-1.2258173261764242
0.461,-2.2690411593086175
0.462,-1.7344260076496942
0.463,2.998268501069461
0.464,3.2179497721935073
0.465,-3.828066520701374
0.466,-2.52260041000153
0.467,3.1614967296403713
0.468,-3.085030173556847
0.46900000000000003,-0.451339333612808
0.47000000000000003,0.012189900642818774
0.47100000000000003,0.6090994973273602
0.47200000000000003,0.5257225021466196
0.47300000000000003,0.5913078699908154
0.47400000000000003,-3.380321295868254
0.47500000000000003,2.7415739151859144
0.47600000000000003,-2.5540888167467672
0.47700000000000004,-4.408094744818608
0.47800000000000004,-1.8530221704906689
0.47900000000000004,-1.2862359477233356
0.48,-1.0373306947265313
0.481,-1.474688014329227
0.482,1.0424686423401497
0.483,-0.9184442694548487
0.484,-0.41253436318675807
0.485,1.681321914335267
0.486,-2.3456585880163843
0.487,0.11236212299155754
0.488,1.3966662315273313
0.489,-2.9218566505914736
0.49,-0.6860952368117249
0.491,5.70372767746872
0.492,3.6491159923243814
0.493,3.661451061400208
0.494,4.852778122031184
0.495,0.7179788040215019
0.496,3.0449076819193586
0.497,2.06022342083919
0.498,-1.1358736861974306
0.499,-2.588240754819424
0.5,-3.527860878513838
0.501,1.177910788858602
0.502,0.8314220990925073
0.503,1.3022344799826726
0.504,-0.751743892410728
0.505,-1.1580620664499077
0.506,1.8849386914705548
0.507,1.1633733904673216
0.508,3.538972478106774
0.509,0.5184281383340898
0.51,-0.11981393269656593
0.511,5.674244104628198
0.512,-1.3724349878216748
0.513,2.93667557224226
0.514,0.08291049551916363
0.515,-4.9579912444136145
0.516,-1.9820877292004389
0.517,-0.8024791830234133
0.518,3.981307259283729
0.519,0.7597340433645532
0.52,3.1682412163538913
0.521,2.969157469337475
0.522,-1.1737628897634886
0.523,1.1104434671363204
0.524,-4.608110483283803
0.525,0.7194554533490203
0.526,0.7046197550645998
0.527,-3.649378026789822
0.528,2.500279664509632
0.529,-0.8226628041753761
0.53,-5.935737410852907
0.531,1.6034501839671256
0.532,2.0337093131261472
0.533,0.14691765272477797
0.534,-3.362764919872775
0.535,-1.3730036820195288
0.536,-3.7307009068743673
0.537,0.46333542873450906
0.538,-3.76894929829157
0.539,0.5000318748598667
0.54,-0.8018108244437865
0.541,-2.989411706600325
0.542,-4.428984031947134
0.543,-3.597557006621703
0.544,-2.1695145659480213
0.545,-1.284504813190498
0.546,-3.2121309366353845
0.547,-3.7846040491178075
0.548,2.3875135249009607
0.549,1.8647752722993904
0.55,0.5048065263364532
0.551,4.460569074018702
0.552,1.0013702995154816
0.553,-2.1087832211035398
0.554,3.513606370664142
0.555,1.3984554031998875
0.556,-0.37421356658191285
0.557,0.8479369684531393
0.558,-1.1454755453963852
0.559,1.7473291561363842
0.56,2.9658009161218524
0.561,-0.07393514180629257
0.562,3.1037207025098326
0.5630000000000001,5.256915555621491
0.5640000000000001,5.508533869708573
0.5650000000000001,3.2326371292515015
0.5660000000000001,2.453198983554398
0.5670000000000001,5.255050000533637
0.5680000000000001,-1.0434053275998374
0.5690000000000001,1.9058343986549318
0.5700000000000001,4.4201217155441785
0.5710000000000001,-0.9412180062033075
0.5720000000000001,1.9893782074731199
0.5730000000000001,4.543500771066286
0.5740000000000001,-4.34721518714516
0.5750000000000001,0.49157431164542875
0.5760000000000001,2.485528508353402
0.577,0.5830992478364561
0.578,2.55081863127314
0.579,0.6543815795114015
0.58,3.0160660278587836
0.581,4.007079467621486
0.582,3.536500804488722
0.583,-1.5727548875402217
0.584,-4.6249542171350475
0.585,-4.765021513703184
0.586,0.2282264942273764
0.587,-3.9657863447488655
0.588,-2.6519027796834957
0.589,3.8508636845812125
0.59,0.09752360401883964
0.591,-3.5527725423138343
0.592,-3.7085648654992562
0.593,-2.4813137959320715
0.594,-4.339307438410725
0.595,1.127744118300555
0.596,-2.531766016798857
0.597,-3.7274638190977676
0.598,-0.6393115656672337
0.599,-5.226187962752648
0.6,-6.564234981456441
0.601,-2.673625713305453
0.602,-3.2630218076256576
0.603,-0.7109463570308774
0.604,-1.7530135580973656
0.605,-1.9070286391044537
0.606,-5.89865870153252
0.607,0.5960842885612954
0.608,-5.103279468782048
0.609,0.25655942604733056
0.61,-1.6675338543012266
0.611,0.5037370556786203
0.612,0.9869052980147923
0.613,1.0556069375517703
0.614,-3.2526393353851173
0.615,-1.511816790711569
0.616,0.2616180170087026
0.617,2.0737163131604124
0.618,3.3559398886249383
0.619,3.8238334737945556
0.62,1.9171757072992048
0.621,6.557202875587505
0.622,-0.38164905793212567
0.623,-0.3801721986266191
0.624,2.4078259250010214
0.625,4.306035124949927
0.626,6.431735156037064
0.627,1.6234797308498086
0.628,1.330919093168544
0.629,5.481572676181425
0.63,5.933409831888298
0.631,5.77793169226927
0.632,2.660918721084447
0.633,0.9966898568649805
0.634,1.5961669333451383
0.635,2.309088247122419
0.636,4.769857190569786
0.637,4.138263568512931
0.638,3.709870951225893
0.639,-0.08063455687106547
0.64,3.116504763872609
0.641,1.875397304684686
0.642,2.1503467903605222
0.643,-4.367174270117597
0.644,-3.134556150624529
0.645,0.3615739746788398
0.646,-0.652245010124295
0.647,1.4567576294035625
0.648,-0.7102805852169713
0.649,-1.8807030294573344
0.65,-6.888690660129484
0.651,-0.8041378885147714
0.652,-1.962614530332178
0.653,-4.319003221485914
0.654,-1.2736060956528625
0.655,-3.713380782672296
0.656,-6.2213355879821854
0.657,-0.13230315937296888
0.658,-0.3201029694423432
0.659,-2.8364470038130243
0.66,2.5802152384473658
0.661,2.0775559028005675
0.662,-3.815533646460161
0.663,-4.4459244701958
0.664,-4.3313738842303895
0.665,-6.078873710042171
0.666,0.9431898110702979
0.667,-1.2177406636877584
0.668,-7.45298026720428
0.669,-0.5859407895441234
0.67,1.4828656303628862
0.671,-0.4443042756155895
0.672,-1.7707769825870159
0.673,1.316772683559001
0.674,1.1061352899159893
0.675,0.07730004931241197
0.676,4.339279998218213
0.677,-0.009689179107350121
0.678,2.0267191460441567
0.679,-0.2759421275903722
0.68,4.044937126257799
0.681,1.1172081610282365
0.682,6.5304630989029455
0.683,1.2581821801743933
0.684,6.5819890374940595
0.685,4.111083546571749
0.686,1.3703355584744599
0.687,0.6389455533263835
0.6880000000000001,3.5154486209000755
0.6890000000000001,3.0386804891792343
0.6900000000000001,3.946055566112136
0.6910000000000001,4.57872418976489
0.6920000000000001,0.2974492439910139
0.6930000000000001,3.8678967653998892
0.6940000000000001,4.951309934488728
0.6950000000000001,2.8742320524341576
0.6960000000000001,2.2127214794817185
0.6970000000000001,4.948618901915211
0.6980000000000001,5.432015760356183
0.6990000000000001,-0.5493431448805621
0.7000000000000001,8.812785190638293
0.7010000000000001,1.5192005594123896
0.7020000000000001,1.9625638504517373
0.7030000000000001,0.3126397066459823
0.704,-2.816491121181846
0.705,1.5969709217297399
0.706,1.1848394235355122
0.707,1.9038230501342857
0.708,-0.045675580230256196
0.709,-4.021809282780074
0.71,-6.847520612237856
0.711,-3.509964000372718
0.712,-5.215395101774023
0.713,-1.650541918482335
0.714,-5.766615631747173
0.715,-0.5065138427073737
0.716,-4.133242562316929
0.717,-3.8078799365885803
0.718,-5.817728766556576
0.719,-2.9910444341112985
0.72,-3.0154838190431628
0.721,-1.738620476301782
0.722,-6.620481515495255
0.723,-4.229975670232881
0.724,-1.7028871637622869
0.725,-3.290282111995161
0.726,-4.884371176654315
0.727,-4.283981405915906
0.728,-4.030357486295388
0.729,-2.8854877638416943
0.73,-3.7805761595179117
0.731,-0.42414194967883656
0.732,-0.8198674919712239
0.733,0.20897577738542483
0.734,-1.3939925210144941
0.735,-2.3464478506347852
0.736,-1.5565507488344794
0.737,-4.42134151867563
0.738,-2.4503347902150643
0.739,0.8269648713083672
0.74,1.4229113148966204
0.741,5.050090082630567
0.742,1.6721400537269775
0.743,2.847934083904311
0.744,-0.8499721152770761
0.745,5.922835886943418
0.746,6.194189648085209
0.747,3.4503459005225454
0.748,5.7644137969523985
0.749,4.813004240876792
0.75,5.917385198072174
0.751,4.689648191528062
0.752,6.272654257538498
0.753,3.061217182575788
0.754,9.020388698289057
0.755,3.8008810737734233
0.756,-1.4681345498072207
0.757,4.617650230405193
0.758,-0.6006524229076398
0.759,4.414383932929624
0.76,1.5844217025336487
0.761,3.7208212479435523
0.762,2.1545823714782406
0.763,5.508517158242883
0.764,1.4629069793926108
0.765,0.007329311681127271
0.766,-1.0157559554004392
0.767,0.3726981233527659
0.768,0.04735098068353172
0.769,1.9240773883571232
0.77,-0.9573898238220679
0.771,-1.8870052052097301
0.772,-0.9949929225027268
0.773,-1.3733697611511002
0.774,-2.0179510779040797
0.775,-3.5560201321876925
0.776,-6.443029211643753
0.777,-7.181195196387041
0.778,-8.214358883328774
0.779,-3.0458509539081065
0.78,-6.612301395737255
0.781,-9.974233788174132
0.782,-5.204114186726226
0.783,-2.8059469897246108
0.784,-2.711723258732333
0.785,-5.431935892140272
0.786,-1.1927574486847092
0.787,-4.126381698261093
0.788,-7.262440238016192
0.789,-2.5113715177726412
0.79,1.2787364616667642
0.791,-2.6403133620533024
0.792,-1.5855018157635814
0.793,-1.9875805195483647
0.794,-1.7529299236429563
0.795,-3.0131140326277635
0.796,-0.09733371198603946
0.797,2.9515755804229493
0.798,3.1404952606072114
0.799,-0.2114331374702796
0.8,2.4086776598933444
0.801,1.8118967733487483
0.802,-5.594497371290231
0.803,0.9846916626194138
0.804,2.1370027923826918
0.805,6.147960961490162
0.806,1.552755400199925
0.807,3.715014248617912
0.808,3.983932160864973
0.809,7.591759575188093
0.81,5.875064763636848
0.811,2.376823680268107
0.812,6.980027664423826
0.8130000000000001,4.780471868108959
0.8140000000000001,6.670671955726835
0.8150000000000001,1.7164539472206823
0.8160000000000001,4.006194494094015
0.8170000000000001,6.549547109711712
0.8180000000000001,14.393052418132651
0.8190000000000001,3.3435267070906236
0.8200000000000001,1.3354983196064873
0.8210000000000001,-3.462228425600722
0.8220000000000001,4.3417840591488135
0.8230000000000001,4.558911256074133
0.8240000000000001,1.0559653237146374
0.8250000000000001,-2.4923212581669887
0.8260000000000001,3.3304107130529172
0.8270000000000001,0.704787075806858
0.8280000000000001,2.274802226598423
0.8290000000000001,-2.6549097156639143
0.8300000000000001,1.9199823838038412
0.8310000000000001,1.6174974346726652
0.8320000000000001,-2.418332452526743
0.833,0.7927174706720364
0.834,-2.9587981153738268
0.835,-0.7927242764281777
0.836,-3.196652768392135
0.837,-4.542784587798781
0.838,-3.052042558885592
0.839,-3.2294473353933224
0.84,-6.8606636482153585
0.841,-3.975910689038856
0.842,-5.233311714151496
0.843,-6.887084273810903
0.844,-5.536029127756296
0.845,-4.187097404627212
0.846,-7.703285381552382
0.847,-7.422234895341854
0.848,-4.5180712318479355
0.849,-5.187102448538558
0.85,-4.368321801000672
0.851,-4.1707161733709315
0.852,-9.209628716538875
0.853,-3.7396001647144246
0.854,-5.339030122542384
0.855,-4.946987123873336
0.856,-5.171201705573192
0.857,1.888810122899861
0.858,-1.7736390586212278
0.859,-1.7265740285753122
0.86,-0.2401897034190662
0.861,0.31792053576368856
0.862,0.7341994175821958
0.863,4.895384598791926
0.864,4.511577970112543
0.865,4.820211194878668
0.866,0.5333014741339814
0.867,1.8886204203750276
0.868,4.036804863095521
0.869,1.1654799979254613
0.87,6.692273936128771
0.871,5.398507589936264
0.872,1.1895601915556102
0.873,2.577361417228132
0.874,4.081584930587022
0.875,0.6528431621267061
0.876,5.0197823091089315
0.877,1.9536573359975828
0.878,9.088205302493776
0.879,7.668425635132966
0.88,4.895033822514724
0.881,2.5427773103846993
0.882,2.4804087077961343
0.883,0.6395040149764171
0.884,5.168424348572776
0.885,-0.8188017179655454
0.886,3.4617261840534717
0.887,0.12276854595357456
0.888,0.911997157326538
0.889,1.5943250047656097
0.89,-3.080583951216804
0.891,0.09178414487036451
0.892,1.6397888005061507
0.893,-0.40730431427312896
0.894,-2.969642613693649
0.895,-5.263900789430938
0.896,1.4696125511375144
0.897,-2.08043830756928
0.898,-5.505514003425741
0.899,-0.24872289488145194
0.9,-0.048895664009197315
0.901,0.08317241876688453
0.902,-4.041784140879222
0.903,0.3219925330804574
0.904,-3.72571755536233
0.905,-0.0871473259484925
0.906,-10.72279517476624
0.907,-7.469995951915703
0.908,-5.95735051009575
0.909,-5.2965280840435955
0.91,-5.017073635969921
0.911,-0.26749418328638397
0.912,-4.940774554950396
0.913,-1.2645634274456952
0.914,-4.270736877658577
0.915,-2.702900383981377
0.916,1.0077935905134545
0.917,-3.1817663882799248
0.918,-3.8178074758493863
0.919,5.076802626489226
0.92,1.2978825489656654
0.921,2.7532312693268177
0.922,-1.2916404105526311
0.923,-3.561183990377307
0.924,1.4638640867026615
0.925,-1.3473201416804232
0.926,0.8393075481654892
0.927,2.2286380441049
0.928,3.447748849319072
0.929,4.883535249647758
0.93,-0.07922368974337513
0.931,3.4726783879432084
0.932,2.9122747725329523
0.933,4.410488281309377
0.934,-1.059596955369977
0.935,3.316703613323696
0.936,2.2095911869928226
0.937,3.3161192418537806
0.9380000000000001,-0.695320404941437
0.9390000000000001,2.607887810324571
0.9400000000000001,3.2183797171748965
0.9410000000000001,4.719662284458709
0.9420000000000001,3.2387620959073766
0.9430000000000001,1.5175455569847793
0.9440000000000001,3.852308055462146
0.9450000000000001,2.730645936313152
0.9460000000000001,5.260986256101725
0.9470000000000001,0.3216774721298017
0.9480000000000001,4.2541601079833065
0.9490000000000001,5.107414789781043
0.9500000000000001,1.5993683642172707
0.9510000000000001,-1.01080884013983
0.9520000000000001,1.7197430211499558
0.9530000000000001,4.112639462711372
0.9540000000000001,5.1012757569509875
0.9550000000000001,-0.445575855074107
0.9560000000000001,-2.9202915453698615
0.9570000000000001,0.8363508432095033
0.9580000000000001,-4.064550189914675
0.9590000000000001,0.8711830605200732
0.96,-0.3444290841324693
0.961,-2.304180358205856
0.962,-3.5918898085686934
0.963,0.7646543970485693
0.964,0.02350907403590874
0.965,-2.7456961357696392
0.966,-2.6626021492399263
0.967,2.2757153200829934
0.968,-4.527622045511314
0.969,-1.6161594814100655
0.97,-1.4411718756753666
0.971,2.4879166210445978
0.972,-8.37878298070752
0.973,0.23676664269515246
0.974,-3.245344417576173
0.975,-2.295635524159672
0.976,1.2508428225863444
0.977,-5.7529900892763655
0.978,-2.6827360398845173
0.979,-1.8399949941337816
0.98,0.18549242125846277
0.981,-1.6466535785077052
0.982,1.0110396358437483
0.983,-4.060364433523767
0.984,-1.4499896050983845
0.985,2.6915087331849064
0.986,-3.4397387521152556
0.987,-0.5783095974203694
0.988,2.678830632846364
0.989,0.46961968342358973
0.99,1.4375359240280619
0.991,2.726765364768518
0.992,-2.107466503705475
0.993,0.7320793797032084
0.994,5.621203410095598
0.995,1.2297289477810376
0.996,3.088907952867451
0.997,-3.311211620274464
0.998,4.858624247377877
0.999,6.713304293166887
1.0,12.361177562565578
1.0010000000000001,-0.13339682680723985
1.002,0.7482803334625467
1.0030000000000001,0.8227482269808921
1.004,0.8718614931527955
1.0050000000000001,4.197994974224118
1.006,1.035016059926284
1.0070000000000001,4.939836155351006
1.008,5.286950230623601
1.0090000000000001,3.755045026487404
1.01,0.9232244869674647
1.0110000000000001,0.4864631564775983
1.012,-3.578609767635749
1.0130000000000001,-0.2367166278295859
1.014,-0.003959158052448952
1.0150000000000001,3.3144364600617724
1.016,-0.5904966177652822
1.0170000000000001,-0.4561144240853403
1.018,-2.0233826959464296
1.0190000000000001,3.7173014661832227
1.02,-4.007146410349698
1.0210000000000001,-0.20362371495200193
1.022,-0.34950659724715827
1.0230000000000001,1.304800536206523
1.024,-1.9231539031785543
1.025,-3.1626855023411893
1.026,-1.4901534052216518
1.027,-4.916205669590661
1.028,-6.580139105104124
1.029,-6.230025574325613
1.03,-0.13508379104861667
1.031,-4.199054250854594
1.032,-5.573758183911206
1.033,-5.688521949313968
1.034,0.013356737241992711
1.035,-0.28870514493583244
1.036,2.0355642688237983
1.037,-5.021011648920442
1.038,-1.8320104551637555
1.039,-0.2587545178279427
1.04,1.4159727357334762
1.041,1.2472397788355762
1.042,1.4526990804947237
1.043,-4.209931690899181
1.044,-6.227630661503891e-05
1.045,0.3459249314769708
1.046,0.6739904902789771
1.047,-4.247085105230921
1.048,-2.2696837139180954
1.049,-0.44309272778823683
1.05,4.56249530945533
1.051,-4.633244463401044
1.052,-1.2341514883369027
1.053,-1.5157514083213361
1.054,2.2412307644928005
1.055,3.1741604592320076
1.056,0.029828424090654115
1.057,3.9964216191553366
1.058,1.115177054925722
1.059,1.7861906509898928
1.06,2.23554864723752
1.061,7.964915037202025
1.062,5.097052781021183
1.063,7.6007301810338985
1.064,-4.0755035893287594
1.065,-4.179037610741511
1.066,2.9760417396440286
1.067,3.851248743582996
1.068,1.8451431070673219
1.069,4.605395291210653
1.07,0.2938353272441687
1.071,0.8058758619742286
1.072,-1.1084492915806936
1.073,1.8262832816321581
1.074,0.3680770743137751
1.075,2.911196031892122
1.076,3.8342768473590065
1.077,2.0009948659672614
1.078,2.78968372748826
1.079,1.4731260138180498
1.08,2.621522241969738
1.081,-3.8370820101821512
1.082,-3.230769118576708
1.083,-0.5200982276817341
1.084,-0.3794284037434471
1.085,-4.3460393439325085
1.086,-2.2202779659220595
1.087,1.1019468914579296
1.088,-1.6329580970810056
1.089,-5.634384682203624
1.09,-1.4428132626507064
1.091,-0.4082124226007493
1.092,-2.8102272093286786
1.093,-0.9094518951277039
1.094,-0.3754182636089378
1.095,0.7871757007239166
1.096,2.3791597840096843
1.097,2.0786473507536867
1.098,-3.4706894209732564
1.099,-2.8816428249140307
1.1,-1.4679235517808331
1.101,1.744452453639553
1.102,5.056562629797466
1.103,-2.415327119092085
1.104,2.5351716918098615
1.105,0.3274141110636849
1.106,-0.5364981995239108
1.107,0.02752284353766854
1.108,0.6925027576059839
1.109,-1.7553996876221132
1.11,-1.8861700974176734
1.111,-1.3343964253505884
1.112,1.1462689487392885
1.113,0.877697322437498
1.114,-1.9024863977375706
1.115,1.046899917521803
1.116,0.20065633945219985
1.117,5.363392951093487
1.118,7.486806069889582
1.119,2.5418774276703733
1.12,3.2552044183904574
1.121,3.3911392778251965
1.122,0.5047704310876666
1.123,-0.4901203192471806
1.124,4.17936183910407
1.125,4.43092865592202
1.1260000000000001,5.8097005628159755
1.127,1.088757988260386
1.1280000000000001,3.407425608884358
1.129,-0.42725952678657975
1.1300000000000001,0.6850900727433309
1.131,0.38700611678795993
1.1320000000000001,7.5360682197495645
1.133,9.417736073838494
1.1340000000000001,0.15018283115598063
1.135,3.59704015344679
1.1360000000000001,0.2757686669808002
1.137,-4.659675417283967
1.1380000000000001,1.3701898651831663
1.139,0.923450080680676
1.1400000000000001,-1.0222825287747834
1.141,2.206484537003782
1.1420000000000001,-3.07655720254918
1.143,2.241792958076337
1.1440000000000001,-2.695776532495926
1.145,0.019153466812345088
1.1460000000000001,2.023034140745456
1.147,-1.4851013330882084
1.1480000000000001,-4.97290335207186
1.149,-1.9079921778822515
1.1500000000000001,-0.0743374027197179
1.151,-0.40198974622583894
1.1520000000000001,-1.4214189605785377
1.153,-3.440630430091217
1.154,0.15658160612662697
1.155,2.6873514763163806
1.156,1.5246893791098934
1.157,2.4517485292550134
1.158,-0.06910950451312159
1.159,1.1843030882069108
1.16,-1.6944817490998176
1.161,-4.330923193225214
1.162,-3.299972526028353
1.163,2.1864275035309544
1.164,-1.6812208093433743
1.165,-4.36608841487974
1.166,3.1782798074336256
1.167,-2.980461802926326
1.168,2.885772126561783
1.169,2.262974425416913
1.17,-2.3388383607593055
1.171,0.9854685333251126
1.172,-1.7187312299524342
1.173,1.1444619840478334
1.174,-2.521577012331365
1.175,-0.4231568115681474
1.176,0.2115092981375936
1.177,-2.9124819774716153
1.178,-1.0018242154479369
1.179,1.3038042157231424
1.18,-0.13129465453222489
1.181,3.738011382515768
1.182,2.0065845269676905
1.183,-1.5191846820645358
1.184,-0.8591150565044207
1.185,4.070876646538104
1.186,2.0132228749361953
1.187,0.3182903477464175
1.188,3.118692990782173
1.189,0.5663974586194525
1.19,1.33157457130171
1.191,5.1509547220020755
1.192,1.0141480435226968
1.193,4.819427951509403
1.194,1.503065551856058
1.195,-1.2063412587260882
1.196,2.2647883500079544
1.197,1.0860451532648616
1.198,2.12322678753826
1.199,-1.3527797581808365
1.2,0.5185207317008454
1.201,5.43024131729748
1.202,0.13698491111647365
1.203,1.4935635226877941
1.204,-2.1069035637679394
1.205,-1.2845829505574509
1.206,3.9291855391313497
1.207,-1.8175619323743413
1.208,0.4808563286526846
1.209,1.551956658499361
1.21,0.4166933195693548
1.211,-3.707167053791629
1.212,-2.5901699620855174
1.213,0.236297709456734
1.214,-2.8292432420861475
1.215,2.7567095095268277
1.216,-1.640769747734908
1.217,0.3648878183751485
1.218,-0.9135714780211193
1.219,-0.30616433418686984
1.22,1.1411049557831237
1.221,-2.5338965907778945
1.222,0.3165079408329736
1.223,-2.7228055257090227
1.224,-2.3363894237649356
1.225,-1.9099038622389226
1.226,0.99601761919788
1.227,-3.5983219576616223
1.228,0.3763764953292747
1.229,0.3709843715009843
1.23,0.5757753197170047
1.231,-2.3930418850379627
1.232,1.045571556746825
1.233,0.7542168800430622
1.234,-1.0164199257910536
1.235,-0.9501628945330474
1.236,2.1442304545543256
1.237,1.7948300677017892
1.238,2.9441944118884638
1.239,2.930924835904361
1.24,-4.40819087173668
1.241,2.4230628444403512
1.242,1.5436068263229628
1.243,1.1617387914540398
1.244,0.3898141608932524
1.245,-2.9623847910076067
1.246,2.079045987499437
1.247,-3.368792964738929
1.248,4.283060573606217
1.249,-1.3523455858561149
1.25,-5.078337294228964
1.2510000000000001,-5.563092358791136
1.252,0.8627382748464092
1.2530000000000001,-0.8405723675708102
1.254,2.6687839523112156
1.2550000000000001,0.1784093348749363
1.256,-3.185660321871429
1.2570000000000001,-4.627081351133871
1.258,0.4546013029970355
1.2590000000000001,2.0181712273469823
1.26,-1.8701166181165654
1.2610000000000001,2.11378053579475
1.262,-1.6964174189344376
1.2630000000000001,2.3115230959046684
1.264,0.4796434152201809
1.2650000000000001,0.3716648238532596
1.266,-1.431483239514864
1.2670000000000001,-4.691523371175865
1.268,-2.839072627260229
1.2690000000000001,-1.396584160439237
1.27,-5.332546535842357
1.2710000000000001,-0.5431860495206866
1.272,-3.2663991562957597
1.2730000000000001,-1.6486681405532742
1.274,-4.163206395033782
1.2750000000000001,0.09007425049768708
1.276,0.3058643458267246
1.2770000000000001,2.9406481567805587
1.278,2.227224506464086
1.2790000000000001,-5.996258247999772
1.28,-2.648317499651784
1.281,-4.661442001081601
1.282,0.8218850248537587
1.283,0.6020585989745083
1.284,1.7702617866948374
1.285,2.928793454354748
1.286,1.2343433296215862
1.287,-0.01220064709948504
1.288,-1.0029845184226165
1.289,-1.9190515772757433
1.29,2.5344501907443813
1.291,3.805482634632934
1.292,0.7031440177235496
1.293,2.652941442074254
1.294,-1.372525853395154
1.295,1.2521791769189932
1.296,1.3313861203263146
1.297,-3.509587962155767
1.298,4.466641525632685
1.299,-0.16515162603754405
1.3,0.2990614925309197
1.301,0.5223677964177812
1.302,-0.14942861352259942
1.303,-0.3633781326159566
1.304,1.4038488098752655
1.305,-3.1338350950984006
1.306,-5.899362404055706
1.307,-1.1148235813797067
1.308,0.41460976241591585
1.309,6.226833654599981
1.31,0.8343521424871403
1.311,2.017790689175988
1.312,-0.08841833642875235
1.313,-4.693215580938417
1.314,-1.2219222977870567
1.315,-0.387623342598815
1.316,-0.8030140834923768
1.317,-0.9607915711801785
1.318,-4.76784314403087
1.319,1.9329942091069015
1.32,-0.15798380836191325
1.321,1.0337558475157527
1.322,2.402665085707957
1.323,-0.07751574992486232
1.324,-0.5055355595766206
1.325,-3.8152433469272067
1.326,0.25230744334766997
1.327,-2.8468377692258255
1.328,3.84499087884672
1.329,-1.1458726875851775
1.33,2.5777152093146
1.331,-0.5203120326492849
1.332,-1.738050124055353
1.333,6.398101860200625
1.334,-1.4921174942742856
1.335,-0.7144675427058514
1.336,-2.3325823393030154
1.337,-0.9478153455254157
1.338,-0.7376906656527107
1.339,5.106823134783832
1.34,-3.376118158716857
1.341,-0.19137825620795168
1.342,-2.3230314253955058
1.343,0.13215830010645963
1.344,3.722094170895793
1.345,2.6727135374803095
1.346,4.772547140227036
1.347,-1.4148327219583208
1.348,-1.0122220211971882
1.349,1.4322194493583282
1.35,-0.15494579278039167
1.351,-0.5664644802875003
1.352,-2.155320980481738
1.353,2.667295177411825
1.354,2.125905517039471
1.355,3.612571615773717
1.356,3.5488975512780745
1.357,-0.31541845720858797
1.358,3.3941963751358486
1.359,-2.6925668735977886
1.36,4.7232879998212285
1.361,-4.51347384427795
1.362,2.624649844035513
1.363,-3.6032674747197078
1.364,0.38050814052866744
1.365,-3.033767711512545
1.366,-3.2866644292844627
1.367,-1.589036216995539
1.368,3.8628390398082724
1.369,-1.0442226795555396
1.37,-0.17642907495418497
1.371,1.3219800391468333
1.372,-0.21938037938776034
1.373,1.3391935261520345
1.374,-1.5139056366367256
1.375,0.6647151517487117
1.3760000000000001,-4.610292629561608
1.377,-0.21527961713869315
1.3780000000000001,-1.7808936819212202
1.379,-0.6471102811541068
1.3800000000000001,0.16570111116338132
1.381,-3.105721057644484
1.3820000000000001,-0.44353075372849504
1.383,-2.030880621275629
1.3840000000000001,-0.17210175848763393
1.385,1.3294906402890685
1.3860000000000001,4.141660884446266
1.387,0.4854451154568051
1.3880000000000001,4.300991745874504
1.389,-1.7683029278403675
1.3900000000000001,-0.11398151795910304
1.391,-2.4426666394568204
1.3920000000000001,1.1012798914600486
1.393,4.099968809748416
1.3940000000000001,-3.0399275097522453
1.395,3.1337245068458666
1.3960000000000001,-1.0359863204986617
1.397,-1.4091755501606804
1.3980000000000001,0.4352412266528418
1.399,1.1417217641580466
1.4000000000000001,7.307482494622683
1.401,0.6228709414801258
1.4020000000000001,-1.931952852994154
1.403,-2.0811309456436344
1.4040000000000001,3.7942591300329744
1.405,-3.2894453797008234
1.4060000000000001,-0.13364946083008156
1.407,-6.63196640629771
1.408,-2.1793989681453665
1.409,-1.1292033622683149
1.41,-1.8913770067645286
1.411,3.7543898390656794
1.412,1.472101703885547
1.413,0.16696979576274892
1.414,-4.3536699453701075
1.415,-4.454564440360707
1.416,1.0303605248895977
1.417,0.727005625662203
1.418,0.57150612494873
1.419,3.286771598396333
1.42,0.7866169381745332
1.421,-0.5202998400007391
1.422,3.926202028902513
1.423,0.8739594174549429
1.424,5.674482078464338
1.425,-0.7750334030650421
1.426,2.172765506178956
1.427,-6.574971066224736
1.428,3.3182582298929146
1.429,0.41016371958087433
1.43,1.304022016909824
1.431,-3.394343648452273
1.432,4.136590014777578
1.433,3.715347522619654
1.434,2.3822123165707163
1.435,4.001125313089951
1.436,5.096467451047389
1.437,2.211665540641046
1.438,1.0692657294622019
1.439,-1.2113952528213003
1.44,-2.498747142080979
1.441,5.375476283886609
1.442,0.43526312255909816
1.443,-0.9409178009012266
1.444,-1.6536962368599384
1.445,3.310706381942908
1.446,-1.6728793272839309
1.447,0.4574302424086931
1.448,3.8445170847800316
1.449,-0.6346707118190844
1.45,-1.8560099171225164
1.451,2.108411335774521
1.452,0.33098422594585214
1.453,-2.2974735384028393
1.454,-1.8265910744935918
1.455,-4.465285578290414
1.456,-1.9292614114516284
1.457,-1.126965883545934
1.458,2.6298236538084896
1.459,-5.409416471516971
1.46,1.5827400142978172
1.461,0.20244399581285533
1.462,-1.4524123737245138
1.463,-2.9985190484746327
1.464,3.7314380522928072
1.465,3.153814233943148
1.466,-1.2877688028137089
1.467,-0.7119587193308624
1.468,1.7539454460044532
1.469,-0.7133010527029816
1.47,-0.2553071339707271
1.471,-3.570125217233432
1.472,-0.5055032842147289
1.473,-0.6778496362353419
1.474,-2.804627738851716
1.475,2.8620487546732596
1.476,1.9194903908307972
1.477,-2.09782263395974
1.478,-0.8849171717219959
1.479,0.35934745061477497
1.48,-2.123461019416892
1.481,-0.024362831132800473
1.482,-0.06287103547205243
1.483,1.3891291356320512
1.484,1.0508537421265758
1.485,-2.0645657805512703
1.486,-2.366917986672328
1.487,3.672627398315884
1.488,4.075545499425934
1.489,-2.8598423634238483
1.49,1.5947115997125012
1.491,3.85906625602747
1.492,3.0156499649359394
1.493,-0.9252664583828987
1.494,-2.0007028692487263
1.495,-2.0831002710755957
1.496,4.085358227153955
1.497,3.3277158629650065
1.498,-1.4504239949966782
1.499,4.859764095785099
1.5,-3.7337579305365924
1.5010000000000001,-0.01897871379495727
1.502,-2.2228777709331426
1.5030000000000001,3.4717672837564812
1.504,2.0788664838571322
1.5050000000000001,-3.44452682424512
1.506,0.9791214308782262
1.5070000000000001,3.323850226552037
1.508,-0.3269438984254774
1.5090000000000001,1.9706551895547104
1.51,2.6334613796461457
1.5110000000000001,-2.2359380363398964
1.512,6.1889792944816895
1.5130000000000001,0.14132225015926167
1.514,-0.35776303441659457
1.5150000000000001,-2.39596167426143
1.516,-3.4496126957741597
1.5170000000000001,-7.252054506927767
1.518,1.6031740686804463
1.5190000000000001,-0.6608773234355255
1.52,-0.31197425022361536
1.5210000000000001,2.144680994167432
1.522,-0.39853170274722755
1.5230000000000001,-2.951471067354206
1.524,-2.0729044584030665
1.5250000000000001,-1.965473046206304
1.526,-4.888508306011632
1.5270000000000001,-0.005685801348641218
1.528,-0.13833656837011127
1.5290000000000001,-0.5620671608074875
1.53,-3.6077324766122123
1.5310000000000001,1.9204773407047422
1.532,0.05017534658338311
1.5330000000000001,-1.4262203256746169
1.534,2.40020515430566
1.5350000000000001,1.8458862695585452
1.536,-1.315038345684837
1.537,-0.6809618727183258
1.538,1.438820243197044
1.539,0.9047276958715795
1.54,1.1090540636635708
1.541,1.573813525008847
1.542,-1.3052633683563246
1.543,-4.171228609684733
1.544,-1.1381660643214717
1.545,-0.07100066386643723
1.546,-0.6461144284722788
1.547,-2.515293844985997
1.548,0.9006871767866316
1.549,1.7862986750254728
1.55,1.931014193382974
1.551,-5.633196733146979
1.552,-1.629695352596851
1.553,-4.710617438507236
1.554,3.6258378181183697
1.555,-5.232842295170025
1.556,0.04784063633043196
1.557,-6.026243074420188
1.558,2.402978398829109
1.559,6.313257116454388
1.56,0.9887533943284024
1.561,1.6643257183200648
1.562,-1.5313891904437729
1.563,1.2379491199657289
1.564,-0.41368116084239065
1.565,0.5884260209464157
1.566,5.932770414830974
1.567,-1.9512634942992382
1.568,-1.2217659494665214
1.569,-0.6541617533651287
1.57,-1.5436988834977519
1.571,4.1491762320396335
1.572,2.112404140299623
1.573,0.7687846336568644
1.574,0.9217446568454717
1.575,3.7976599227044883
1.576,2.514039837370571
1.577,-3.2865042479911453
1.578,-1.345076317516376
1.579,-1.7977137518479762
1.58,-0.6979411962781994
1.581,-0.3925625946640513
1.582,-0.6743630421632013
1.583,3.1166165650038726
1.584,-2.6467050864448716
1.585,-0.7580956378135721
1.586,-2.149103615124994
1.587,1.2898498578955822
1.588,-2.245375576216616
1.589,3.709749125802159
1.59,-3.0993297247624723
1.591,-0.9644625266156828
1.592,-5.21119004044805
1.593,-1.4797589674092895
1.594,5.464072068179842
1.595,-3.2898154716596126
1.596,2.8544791560809286
1.597,1.9115766340603477
1.598,0.8575283449407488
1.599,-0.2264050677535477
1.6,1.2821902270150625
1.601,-1.2786821862884168
1.602,1.9201988529136682
1.603,-2.055294061979538
1.604,-2.388971244200608
1.605,-2.1498055958341324
1.606,-2.2308854144012815
1.607,2.616094604984159
1.608,-2.8211834279798116
1.609,-0.11837520890786295
1.61,-5.140549545809419
1.611,-1.9347327866489714
1.612,-0.4459667403601996
1.613,1.4833538248818563
1.614,-0.9228410384015988
1.615,-0.7680033989620801
1.616,1.5374031664422196
1.617,-0.3132996840585845
1.618,1.5438936150214029
1.619,2.3404935168972574
1.62,-0.6870885919011421
1.621,1.4217205875999552
1.622,1.1929114942519545
1.623,1.7698062303342421
1.624,0.31734331085386386
1.625,1.1910197960985838
1.6260000000000001,0.8239360643389121
1.627,1.2754520665682931
1.6280000000000001,-1.0660891949835707
1.629,0.9329283287410403
1.6300000000000001,0.5928640476846183
1.631,1.0559337579382218
1.6320000000000001,-2.234513114659559
1.633,-3.6343990376825692
1.6340000000000001,1.421219857291172
1.635,0.3144284873333712
1.6360000000000001,-1.5092499723968462
1.637,7.9721632058628575
1.6380000000000001,1.5116295359391423
1.639,1.167113512608126
1.6400000000000001,-2.1457160979750043
1.641,1.1904946156432676
1.6420000000000001,3.614302439061196
1.643,-2.8361235031926664
1.6440000000000001,1.0749048220748907
1.645,5.582372100948299
1.6460000000000001,1.9150478277475207
1.647,2.587049884541701
1.6480000000000001,1.6765743050027344
1.649,4.354131424111475
1.6500000000000001,6.344031067524504
1.651,-2.101699384430639
1.6520000000000001,-2.2014775318918094
1.653,-1.9615941633939271
1.6540000000000001,4.282196770093884
1.655,-4.224334332121204
1.6560000000000001,1.900526641327842
1.657,-0.41578334962808283
1.6580000000000001,-0.7087398827299729
1.659,4.009630864554116
1.6600000000000001,3.271580658189021
1.661,-0.9385740700595219
1.6620000000000001,-4.007450700382973
1.663,0.8086513596949859
1.6640000000000001,1.3096268167431315
1.665,-2.152604782697927
1.666,1.2780558640470756
1.667,-2.961595828400458
1.668,3.366566655074084
1.669,-1.3462364158272873
1.67,7.251922642835624
1.671,2.3708612444325134
1.672,-5.1112057865377425
1.673,1.1390847698149797
1.674,-2.4282428481912315
1.675,4.632998190178198
1.676,0.4385761172540803
1.677,6.182327797628268
1.678,-5.415020769287454
1.679,-2.1611438798217013
1.68,0.4175039410873953
1.681,-4.576439807075869
1.682,-1.4245768665255822
1.683,-0.7133829706377417
1.684,4.424652763283481
1.685,-0.06361015623649818
1.686,-2.189515437811291
1.687,-3.241745168147734
1.688,-2.848514784302312
1.689,-3.6382679971623717
1.69,-4.1337053488100395
1.691,2.08628490131859
1.692,1.5670824140426582
1.693,0.8901445807588131
1.694,5.613056163794762
1.695,-0.4281635297120197
1.696,2.8109722413607265
1.697,0.007685763954873331
1.698,3.0467423543097967
1.699,1.4396401967375831
1.7,7.228521690753534
1.701,-2.3746083058647334
1.702,-0.6613872394364174
1.703,-2.277372481096752
1.704,0.4470882999461479
1.705,-1.2869303850762546
1.706,5.605464040664962
1.707,1.876270649060237
1.708,1.9814559076834384
1.709,5.461361375265124
1.71,-1.0446942818649225
1.711,1.7656214075948042
1.712,0.8530794412624915
1.713,-3.387298793219154
1.714,0.21562912022846287
1.715,2.817970684431139
1.716,2.3275901645017645
1.717,-4.052776946554767
1.718,-2.8115166897491197
1.719,1.6157770137761247
1.72,-0.44130873873038834
1.721,-2.1776320658125785
1.722,-1.9498685789466212
1.723,1.3529778948867137
1.724,1.8448668272348692
1.725,1.7333742226577877
1.726,-0.31027505687139484
1.727,2.5721211067942042
1.728,-0.7137070706769292
1.729,-0.6707738988430746
1.73,-0.9635564153447124
1.731,0.30915438650261323
1.732,-3.086324807595693
1.733,4.152805817900334
1.734,-4.037776537167552
1.735,-1.6260727788949003
1.736,-6.444619927553817
1.737,-6.547599673945595
1.738,-1.190199323318721
1.739,-3.2484781363616193
1.74,-2.2368883087768907
1.741,0.9247634684914153
1.742,-2.24581634155102
1.743,-0.6563378215276072
1.744,1.4457262048316821
1.745,-2.5149633967965643
1.746,-2.790359310150631
1.747,1.408749986337564
1.748,-2.6096670930237433
1.749,-0.4122778368154375
1.75,0.4860380868934026
1.7510000000000001,1.7051197808433518
1.752,0.8126692456150625
1.7530000000000001,-0.556543882054476
1.754,-1.2208265436771761
1.7550000000000001,1.5833861874326582
1.756,-3.8132990629950463
1.7570000000000001,5.7387728549705175
1.758,-1.4089577277637
1.7590000000000001,0.8932565441684478
1.76,-0.7673247199594118
1.7610000000000001,0.9912228120070333
1.762,-1.1766221259845662
1.7630000000000001,1.0981074504260127
1.764,-3.022621551101138
1.7650000000000001,-0.4057533441353636
1.766,-6.66713037252228
1.7670000000000001,-0.4262856774240283
1.768,0.46238548482058633
1.7690000000000001,-2.0071399927928537
1.77,0.13026429949393237
1.7710000000000001,0.7450296228636393
1.772,-0.5947512698659657
1.7730000000000001,0.7555910750620647
1.774,-0.6099023034840463
1.7750000000000001,-3.343760511884172
1.776,-0.95160036264724
1.7770000000000001,-1.6870398683421146
1.778,-0.2707368365529226
1.7790000000000001,2.5921380831415184
1.78,0.4360968520890585
1.7810000000000001,-1.2819911630876963
1.782,-0.454499139218882
1.7830000000000001,-2.1307839549265974
1.784,-1.6087490909163158
1.7850000000000001,0.16940688562769332
1.786,-0.08554087632478284
1.7870000000000001,-2.4083945778442777
1.788,-1.4911249673477363
1.7890000000000001,0.42078030232520125
1.79,1.42537851986095
1.7910000000000001,-3.8034482083007584
1.792,0.8784434770110067
1.793,1.184957707083222
1.794,-0.7119814217848329
1.795,1.106586149695953
1.796,-2.4674294744697507
1.797,-0.8635653138745875
1.798,0.0005811979852379243
1.799,-2.9111558324130073
1.8,-5.619782152938101
1.801,-0.31089726794670375
1.802,-1.2388390644111587
1.803,-1.1520779105021766
1.804,-3.050387221002697
1.805,-4.196753696332539
1.806,0.7407266916875458
1.807,3.017222611288667
1.808,4.1412451015433644
1.809,-0.6410562477008392
1.81,-0.7722094895647329
1.811,0.8357373715687964
1.812,-1.7416123549122027
1.813,-1.0160837034225998
1.814,-2.8133792774952884
1.815,1.0485361469174463
1.816,3.6683581223707007
1.817,1.9006575026304222
1.818,-0.36239105428298346
1.819,1.7946357472545087
1.82,1.9444932721631243
1.821,3.0266218818169084
1.822,0.17178645371082277
1.823,1.0048507234034452
1.824,1.1353952741869016
1.825,2.9591761938053494
1.826,2.5015691185669704
1.827,-2.334055509855359
1.828,-2.7833902133271198
1.829,-1.6375656970651482
1.83,2.3980845508309496
1.831,-0.01179528476970044
1.832,2.047628078995034
1.833,1.2320710089924696
1.834,-0.5470275804210792
1.835,-1.6048757671109022
1.836,-1.828705246144823
1.837,2.066442507098622
1.838,-1.8511038733375809
1.839,-1.420258703690963
1.84,-3.7474765087906685
1.841,-4.400752947418386
1.842,3.945166680847811
1.843,2.389521716087191
1.844,-3.905319205955939
1.845,-5.827636154493195
1.846,-3.1906906770952195
1.847,3.259327854570273
1.848,2.6208306342049172
1.849,-0.2061655938181087
1.85,0.02731638195336899
1.851,-0.6294210687761576
1.852,-1.4073890883018618
1.853,-1.9643260687950885
1.854,-1.0207683570411583
1.855,0.4455072359401957
1.856,0.15165423748273907
1.857,0.9745581403335181
1.858,0.7642185422114492
1.859,4.5572936720145005
1.86,3.5181391438402847
1.861,-2.503126390905531
1.862,1.0503869865481887
1.863,2.10674169425193
1.864,-1.3598366464102718
1.865,2.201442266566025
1.866,-0.23346036862894828
1.867,-2.0609762030823804
1.868,0.991232006574751
1.869,-1.3093029393290936
1.87,-0.5480425544670378
1.871,1.6960373809394373
1.872,-1.6807258800150293
1.873,-1.2187649450311688
1.874,4.24158527642029
1.875,5.345346552074188
1.8760000000000001,-0.37329201443145854
1.877,-0.32978465175286337
1.8780000000000001,1.4605793645719667
1.879,1.136006334020186
1.8800000000000001,-3.450880843021894
1.881,-6.033004320348707
1.8820000000000001,-1.7507656904595126
1.883,-4.815426638452478
1.8840000000000001,-3.0934638746280845
1.885,6.772893158501534
1.8860000000000001,-4.834730711013656
1.887,3.1529636864258483
1.8880000000000001,0.3275969194468792
1.889,-1.0771980179841936
1.8900000000000001,4.0981830526213106
1.891,-2.461187799695132
1.8920000000000001,-3.3586239045770045
1.893,-0.06691730652271988
1.8940000000000001,1.548638365252401
1.895,-5.517613497931246
1.8960000000000001,-2.8794314317930363
1.897,2.4058152461349906
1.8980000000000001,-1.5656365066191493
1.899,-2.387135731565672
1.9000000000000001,6.657609662617206
1.901,3.160278488708873
1.9020000000000001,1.0058508345496957
1.903,0.5158953590237683
1.9040000000000001,0.27539704613606303
1.905,1.1162753499065767
1.9060000000000001,0.20010610429370673
1.907,-2.4322753572252767
1.9080000000000001,-5.128955556181022
1.909,2.6813163589617286
1.9100000000000001,0.6774302727694522
1.911,3.042104715926145
1.9120000000000001,-3.215664784560253
1.913,2.076647433029673
1.9140000000000001,2.7730862270817744
1.915,1.8913294113866888
1.9160000000000001,1.0650994052427454
1.917,2.945062964147682
1.9180000000000001,-2.3968869138647304
1.919,-4.370141888309968
1.92,-2.0214791725307455
1.921,2.5461301134610785
1.922,-0.17670972594491616
1.923,0.05602116699177654
1.924,-3.07875930244359
1.925,4.566070493485364
1.926,0.49699165989865446
1.927,-0.057567507629525165
1.928,1.8820347103997679
1.929,-2.381962883130144
1.93,-4.986378454147536
1.931,-0.1002284565494256
1.932,-0.6061176524381529
1.933,4.560489582625841
1.934,0.4991735017344248
1.935,-0.5074270593251264
1.936,1.7287974018799528
1.937,1.229318511672491
1.938,0.857755535794254
1.939,1.7430402311851452
1.94,-0.7741357170476146
1.941,3.6283147847508324
1.942,3.1912471894936827
1.943,-1.3890915733508413
1.944,3.1010029550532825
1.945,1.5524919274119462
1.946,-2.415868526310907
1.947,1.8752015496876884
1.948,-0.696453393476262
1.949,-4.712482803476053
1.95,-1.6222366293818382
1.951,-4.4641479780192075
1.952,0.5328487715661234
1.953,-0.2364165665608902
1.954,0.12567810383674421
1.955,-3.1038391973814883
1.956,-3.3756993390036536
1.957,-1.6685059999793808
1.958,-0.21028428201100058
1.959,-1.2094993487286818
1.96,-4.833776146986524
1.961,2.5040404725057717
1.962,-2.259759941802236
1.963,-1.4230701399768506
1.964,-4.364635931850773
1.965,0.6605656872306761
1.966,-4.0910450478936236
1.967,1.728899696343955
1.968,-5.441269355868982
1.969,-3.231585791415038
1.97,2.2380868294780156
1.971,-2.7797838813838074
1.972,-0.5071755579537647
1.973,1.6896501703883284
1.974,-2.9608505507136127
1.975,-2.8794041595741913
1.976,3.4184028407568623
1.977,4.490172700989052
1.978,3.7980870163618525
1.979,1.4537393731582162
1.98,1.2001946531391672
1.981,0.5790185610111493
1.982,1.7967497682634423
1.983,-1.7474548336205495
1.984,-0.757153710736004
1.985,4.985036897406301
1.986,-3.9220281286748513
1.987,1.2528901158696844
1.988,-0.1706262833445377
1.989,3.9162664937710456
1.99,-5.030729787471694
1.991,2.7531409691663447
1.992,-0.8909295687700111
1.993,-4.008756586294919
1.994,-0.26628324473287124
1.995,1.7027754271702102
1.996,3.709468106473808
1.997,-5.759046318535143
1.998,-1.5425554662863044
1.999,-3.5716229946689637
